{"assets/fonts/Almarai-Light.ttf":["assets/fonts/Almarai-Light.ttf"],"assets/fonts/ArbFONTS-SefidUI-500-Medium.ttf":["assets/fonts/ArbFONTS-SefidUI-500-Medium.ttf"],"assets/fonts/Hacen Casablanca Light.ttf":["assets/fonts/Hacen Casablanca Light.ttf"],"assets/fonts/Hacen_Algeria-Medium.ttf":["assets/fonts/Hacen_Algeria-Medium.ttf"],"assets/fonts/Hacen_Tunisia_Bold.ttf":["assets/fonts/Hacen_Tunisia_Bold.ttf"],"assets/fonts/IconlyBold.ttf":["assets/fonts/IconlyBold.ttf"],"assets/fonts/IconlyLight.ttf":["assets/fonts/IconlyLight.ttf"],"assets/html/sanad.html":["assets/html/sanad.html"],"assets/images/adenet.png":["assets/images/adenet.png"],"assets/images/adsl.png":["assets/images/adsl.png"],"assets/images/appstore.png":["assets/images/appstore.png"],"assets/images/beinsport.png":["assets/images/beinsport.png"],"assets/images/effects.png":["assets/images/effects.png"],"assets/images/freefire.jpg":["assets/images/freefire.jpg"],"assets/images/googleplay.png":["assets/images/googleplay.png"],"assets/images/line.jpg":["assets/images/line.jpg"],"assets/images/line.png":["assets/images/line.png"],"assets/images/logo.jpg":["assets/images/logo.jpg"],"assets/images/logo.png":["assets/images/logo.png"],"assets/images/mtn.png":["assets/images/mtn.png"],"assets/images/netflix.png":["assets/images/netflix.png"],"assets/images/no-data.png":["assets/images/no-data.png"],"assets/images/nodata.png":["assets/images/nodata.png"],"assets/images/noimg.jpg":["assets/images/noimg.jpg"],"assets/images/pubg.jpg":["assets/images/pubg.jpg"],"assets/images/sabaoffer.png":["assets/images/sabaoffer.png"],"assets/images/sabaphone.png":["assets/images/sabaphone.png"],"assets/images/tagadod.png":["assets/images/tagadod.png"],"assets/images/transfer.png":["assets/images/transfer.png"],"assets/images/wallet.png":["assets/images/wallet.png"],"assets/images/why.png":["assets/images/why.png"],"assets/images/whyoffer.png":["assets/images/whyoffer.png"],"assets/images/y4g.jpg":["assets/images/y4g.jpg"],"assets/images/yapps.png":["assets/images/yapps.png"],"assets/images/ycards.png":["assets/images/ycards.png"],"assets/images/ydialy.png":["assets/images/ydialy.png"],"assets/images/yemenmobile.png":["assets/images/yemenmobile.png"],"assets/images/yemwifi.png":["assets/images/yemwifi.png"],"assets/images/yfwateer.png":["assets/images/yfwateer.png"],"assets/images/ygames.png":["assets/images/ygames.png"],"assets/images/yhome.png":["assets/images/yhome.png"],"assets/images/ymobile.png":["assets/images/ymobile.png"],"assets/images/ymore.png":["assets/images/ymore.png"],"assets/images/ynetwork.png":["assets/images/ynetwork.png"],"assets/images/ynew.png":["assets/images/ynew.png"],"assets/images/yops.png":["assets/images/yops.png"],"assets/images/youoffer.png":["assets/images/youoffer.png"],"assets/images/ypaids.png":["assets/images/ypaids.png"],"assets/images/yperson.png":["assets/images/yperson.png"],"assets/images/yprofile.png":["assets/images/yprofile.png"],"assets/images/yrefresh.png":["assets/images/yrefresh.png"],"assets/images/yreport.png":["assets/images/yreport.png"],"assets/images/yservices.png":["assets/images/yservices.png"],"assets/images/ysettings.png":["assets/images/ysettings.png"],"assets/images/ytransfer.png":["assets/images/ytransfer.png"],"assets/images/ywin.png":["assets/images/ywin.png"],"assets/sounds/cong.mp3":["assets/sounds/cong.mp3"],"assets/sounds/nosolfa.mp3":["assets/sounds/nosolfa.mp3"],"assets/sounds/solfa.mp3":["assets/sounds/solfa.mp3"],"assets/sounds/successpaid.mp3":["assets/sounds/successpaid.mp3"],"packages/cupertino_icons/assets/CupertinoIcons.ttf":["packages/cupertino_icons/assets/CupertinoIcons.ttf"],"packages/icofont_flutter/lib/fonts/icofont.ttf":["packages/icofont_flutter/lib/fonts/icofont.ttf"]}