[{"family":"MaterialIcons","fonts":[{"asset":"fonts/MaterialIcons-Regular.otf"}]},{"family":"almarai","fonts":[{"asset":"assets/fonts/Almarai-Light.ttf"}]},{"family":"alcafi","fonts":[{"asset":"assets/fonts/Hacen_Algeria-Medium.ttf"}]},{"family":"bold","fonts":[{"asset":"assets/fonts/Hacen_Tunisia_Bold.ttf"}]},{"family":"bold0","fonts":[{"asset":"assets/fonts/Hacen%20Casablanca%20Light.ttf"}]},{"family":"IconlyBold","fonts":[{"asset":"assets/fonts/IconlyBold.ttf"}]},{"family":"IconlyLight","fonts":[{"asset":"assets/fonts/IconlyLight.ttf"}]},{"family":"yecash","fonts":[{"asset":"assets/fonts/ArbFONTS-SefidUI-500-Medium.ttf"}]},{"family":"packages/cupertino_icons/CupertinoIcons","fonts":[{"asset":"packages/cupertino_icons/assets/CupertinoIcons.ttf"}]},{"family":"packages/icofont_flutter/IcoFont","fonts":[{"asset":"packages/icofont_flutter/lib/fonts/icofont.ttf"}]}]